price,title
21900,통통생굴 2kg / 횟감용 10%쿠폰 최대혜택가 19380원
27900,[닥터방기원]랩 탈모샴푸 1Lx3통+랩토닉 150ml+싱글파우치+폼클렌징
16900,무농약 베니하루카 해남 꿀고구마 3kg 특상(120~290g)
21900,[피지오겔]피지오겔 DMT 로션 200ml
20300,[CJ고메]고메 함박 스테이크 152g x10개 (냉장)
24000,[센텔리안24]센텔리안24 마데카크림 파워 부스팅 포뮬러 50mlX2개
25960,[파스퇴르]파스퇴르 무항생제 인증 바른목장(190ml48입)/멸균우유
11900,[쵱선생]국내산 조림 볶음용 지리 멸치 1kg/ 10290원 12%쿠폰가
24900,[얌테이블]통영 자연산 돌문어 (생물)1kg/10%쿠폰가 22090원
26400,(화이트샌즈) 니트 보닛햇_블랙
24900,(삼진어묵) 옛날모듬어묵 1Kg x 3개
39000,[게스]25%중복 GUESS 겨울 세일전
22500,[한성]반찬/ 한성 프리미엄 해물경단 (270g+270g x 3P)
17900,[키즈마루]국산 3중 비말차단 마스크  300매 KF-AD MB필터 마스크
22520,구석구석 숨어있는 그림속 이야기 5권 세트 (전5권)
12290,[폴햄]남여 그래픽 플리스 맨투맨 4종택1(PHA4TR3020 PHA4TR1200 PHA4TR2020 PHA4TR2030)
17520,[올곧은]캡형  70매 엠보싱 10팩_Z503
16400,태송 프리미엄 다섯가지나물밥 210g x10봉
28900,[생가득]풀무원 토이쿠키 만들기 3종 세트(총3박스)
18500,서래푸드 3.75kg관볶음땅콩 무료배송
26500,[김정문알로에]김정문알로에 스킨케어 기획세트 추가할인+증정
14900,[애경]주방세제 순샘 대용량 3L x4개(베리2+라임2)+사은품
19900,[오뚜기밥]맛있는 오뚜기밥 210g 24개
163240,[디스커버리](여성) 티롤린 벤치 롱 다운 DWDJ96961
14900,[페리오]치약 뉴후레쉬 알파치약 170g 10+10개
22900,[팬콧키즈]25%쿠폰 패딩 플리스 기모 티셔츠 팬츠 상하복 바지
16900,센스물티슈 악어 캡형 100매 10팩+10팩 / 한장씩톡톡
10900,경성명과 1+1 수제 케이크 롤+ 다크파운드
17900,밥상마루 100% 참기름 350ml 1+1
12900,[2080]2080 치약 히말라야 솔트치약 120gx15개(크리스탈15)
11900,프라이데이 겨울신상 기모맨투맨/후드티/빅사이즈
11900,[참도깨비]삼겹살 구이 수육 보쌈/ 벌집통삼겹살 500g x2봉/ 1kg
12900,[기린]호빵 팥(8입)+야채(4입)+피자(4입) 총16입
55000,사미헌 갈비탕1kg  5팩
11900,찹쌀 모싯잎 오쟁이 떡  1.2kg (40g x 30개)
16000,[순수한면](골라담기)순수한면 ZERO 생리대 x 3+3팩
32900,48시간 과일숙성 돼지 생막창 2KG 도매 식당납품용
18220,[AK기획]IVOW 충전식 무선 온수찜질기 CES-H01
12900,밀크앤허니 베이커리 1+1 골라담기 (신세계푸드)
34700,[하누소]하누소 왕갈비탕(650g6팩)
26900,[한예지]한예지 볼륨앤소프트 천연펄프 3겹  화장지 30롤 3팩
49000,J by 20FW 클라우드 헤비 부클니트 3종
11500,[아침농산]수입 귀리 10kg(5kg+5kg) 캐나다산 2020년산
39900,런칭가 69 900원 코펜하겐럭스 기모 밴딩팬츠 4종
10900,[해태제과]맛동산 38g x 22팩
41700,라이프케어 멀티 생 유산균 라이브 300포+유산균 증정
11900,자연 모짜렐라 슈레드치즈 1kg  /피자치즈/대용량
43800,[피지오겔]피지오겔 DMT 로션 200ml 2개 +증정
15900,[육개장]육개장사발면 24개입 박스 스마일배송
27900,KF94 국산 마스크 100매 식약처인증 의약외품 개별포장
13900,[의성마늘햄]롯데 의성마늘 프랑크 70gx20개
18900,[퐁퐁]퐁퐁 주방세제 레몬식초 3000ML  4개
35910,[대천김][대천김] 재래 도시락김 총 160봉
14900,[롯데푸드]라퀴진 큐브감자핫도그 90gx10개
24800,[깨끗한나라]순수브라운 3겹 화장지 27m 30롤 2팩
18900,[리큐]액체세탁세제 리큐 알카파워2.1Lx6개(일반용)
12900,[생활공작소]친환경 1종 대용량 주방세제 4L x 2개 (향 선택)
36900,이베이 전용 남순남순대국 10인분 풀세트
23780,HAPPYDAY 핫팩 군용60매/포켓100매/파스형90매
49000,[에쓰오일](S-OIL) 모바일주유권 5만원/ 실시간발송/ 주유상품권
29900,마이비밀  즐거운 식단관리 라이킷 도시락 10종 10팩 外
18480,[김영사]출판사 연합유주맘 pick 육아서 7종 낱권 선택구매
23900,[잘풀리는집]미래생활 순수PURE천연펄프 25m 30롤 x 3팩
18500,[서울우유]서울우유 1000ml X 10팩/멸균우유/흰우유
22900,[프로쉬]독일 친환경 식기세척기세제 베이킹소다 2개SET  60EA
18610,코크제로 355ml캔 24입/ 코카콜라
32900,[맥심]화이트골드 커피믹스 160Tx2 /쿠폰적용가29190원
32900,[하이헬스]탱글탱글 석류 콜라겐 젤리스틱 6+1박스(총105포)
12900,[너트리]숯불구이맛 오징어 300g + 300g 안주 10%할인쿠폰
16450,[폴햄](현대백화점)[폴햄] 남여 구스다운 경량 베스트 3종 택1(PHA5VP1012/PHA5VP2011/PHA5VP2012)
14900,[스마트에코]아기물티슈 모데라토 캡형 80매X20팩 엠보물티슈
39900,폴로 하이넥 후드집업 1+1 대한민국1등 10만장돌파기념
25900,[베지밀]베지밀 뼈에좋은 칼슘두유 검은콩 190ml 16팩 x4박스
19800,겨울신상~70%균일가/융털/보아털/트레이닝복/패딩
29610,갤러리아  당일손질 정광현님의 국내산 민물장어 자포니카종 1kg
27430,노터치 파워슬라이드 청소기 1+1세트
31900,[베베숲]아기물티슈 프리미어 캡70매 20팩
12900,쇼인더룸 5900특가 기모맨투맨/니트/후드/빅사이즈
29900,(국산) 마녀 포기김치10kg / 배추김치
45810,[착한낙지][착한낙지] 착한낙지세트 (손질낙지 13팩+ 양념 13팩)
32900,[맥심]화이트골드 커피믹스  160T+160T : 쿠폰가 29190원~
25250,[크리넥스]호호바 수딩로션 미용티슈 180매 6개x2팩/각티슈 +증정
14900,국내산 고등어 10+10팩 무료배송 팩당 70-100g
49000,[한율]17% 쿠폰 한율 빨간쌀 철벽보습 외 (최대 50% 할인)
22900,[프로쉬]독일 친환경 식기세척기세제 그린레몬 2개SET  60EA
16500,[동원에프앤비]동원 통그릴비엔나 360g x 6봉
65250,[농협] 영광 신동진쌀 총 20kg (10kg+10kg)
10900,[푸르밀]가나초코우유190ml24팩 / 멸균우유/두유/주스/음료수
10500,CJ프레시웨이 이츠웰부쳐스킷부채스테이크밀키트500g
20900,소 살치살 미국200gX4팩+참소스/2세트구매시다짐육증정
28800,[닥스]갤러리아   닥스  남여 가죽장갑 4종 택 1
22600,[CJ고메]고메 함박스테이크 152gx5 + 치즈함박스테이크 152gx5
29400,[아침농산]국산 농부의아침 쌀10kg  2020년산 햅쌀
16900,[암앤해머]암앤해머 컴플리트케어 치약 178gx7개+치약 26g증정
14900,[모나리자]데이데이비쥬 아쿠아코랄 물티슈 캡형 70매 10팩
18900,[모나리자]모나리자 미용티슈 250매 3입 4개 총12개 각티슈 휴지
41400,(카드15%) 2021년 EBS 초등기본서 만점왕 SET 학년별 선택 구매
12900,스파클생수 2L 30병
25900,국내산 KF94 마스크 100매 개별포장 대형 식약처 인증
55000,크레용하우스 데이비드 윌리엄스 5종세트
25310,[좋은느낌]입는 오버나이트 L 8매X4팩/생리대/팬티형 /증정
27560,사세 버팔로윙플러스(1kg)+버팔로스틱플러스(1kg)/ 비비수산
79010,에스란 3~4개월+4주분/순식물성/라인자신감/매일 쏘옥
59710,안감 기모 맨투맨 SH7613/ 라코스테
51000,[모로칸오일]그레이트 헤어데이 세트
25280,(행사상품)몽블랑제_온라인전용 크로와상냉동생지 120ea 
24900,[동원에프앤비]동원산업 캐나다 자숙 랍스터 500gx3개
10900,[오늘]현대제지 오늘 천연펄프 키친타올 125매4롤4팩 총16롤
13900,[페이퍼플레인]남녀공용 겨울 털신발 방한화 패딩슬립온 스니커즈
19900,[아이러브베베]아기물티슈 아이보리 캡형 72매X20팩 엠보물티슈
12900,[파스퇴르]파스퇴르 전용목장 200mL 흰 멸균우유 18입
11900,[제주삼다수]제주삼다수 2L 12병/생수전문배송
12900,[쟈뎅]아워티 레몬얼그레이티 500mlx24/녹차/홍차/허브차
24000,[안다르]안다르 이태리 원사 기모 레깅스 특가
42150,[고려은단][본사직영] 비타민C 1000 600정/ 고려은단
28000,[계림북스]계림북스 짬짬이 두뇌훈련 시리즈 4권 세트(국어력/관찰력/집중력/수학력)
39000,[라포프] 슬림핏 기모 본딩팬츠 4종
39900,kf94 마스크 블랙 대형 100매 + 스트랩 1개 합리적인
34900,[SOUP]SOUP外 베스트 상품 겨울 클리어런스 시작
14900,홈쇼핑 남녀 겨울패딩코트 기모바지 울니트 원피스
57900,(행사상품)[20년산]청원농협_왕의밥상_20KG 포 
10800,경성명과 1+1 수제 (롤케익+ 파운드케익)
19900,[GNM자연의품격]건조한눈엔 루테인 + 오메가3 4박스(총 4개월분)
19200,이니스프리 새해맞이 베스트 대박 구매찬스 UP TO 50%
19900,[오뚜기밥]맛있는 오뚜기밥 210g x 24개입(1박스)
18900,[리큐]액체세탁세제 리큐 알카파워2.1Lx6개(드럼용)
25900,[모나리자]에코모먼트 네이처 3겹 20M 30롤 3팩 롤화장지
39950,아동화 노비스 (TD) (AQ9662-001)/ 나이키
14900,[베이비베이비]베이비베이비 아기물티슈 트윙클120매 20팩 캡형
29900,[목우촌]목우촌 흑마늘 훈제오리 10팩
12920,[베베앙]베베앙 아기물티슈  시그니처 대용량 100매 캡형 10팩
10900,유니크한 패턴감각 대쿠션(솜포함) 등쿠션/바디필로우
13500,갈아만든배 340ml X24 캔
39000,[지오다노]지오다노 신년세일 인기 푸파/경량/테리~80%OFF
32900,[크리넥스]크리넥스 3겹 데코소프트 33MX24롤 X2팩화장지/휴지
34800,[맥심]모카골드 커피믹스 160T+160T /쿠폰적용가30890원
76500,[모로칸오일](공식수입원) 패밀리세트 모로칸오일 트리트먼트100ml+50ml+30ml(추가증정)
31900,[햇반]CJ 햇반 210g 36개 (1박스)
31590,[크리넥스]크리넥스 3겹 순수소프트화장지 27m30롤x2팩 /휴지
27900,[퍼실]퍼실 레귤러 유니버셜 대용량 액체 세탁세제 10L
34900,[풀무원]풀무원 토이쿠키만들기 브레드이발소 305g 3박스
158000,[씨티지] 사가폭스 호주 양모코트
14000,신사고 문제집 학습 기획전
60000,수퍼맘스토리카페/팩토를 제작한 매스티안의 사고력연산 문제집/에그/EGG/선택구매
26910,[리복][리복크로스핏] [Mens]리복 리에고 에센셜 2.0 FX0156SERIES
10900,경북 사과 부사 5kg(26-30과내)/가정용
16740,[비비고]비비고 사골곰탕 500g x 18개
19900,헬스브로 루테인+오메가3+종합비타민 눈영양제 4개월
11900,[칠성사이다]칠성 사이다 210ml x 30캔
24900,국산 KF94 마스크 100매 대형 식약처인증 개별포장
39900,KF94 국산 순풍 마스크 100매 식약처인증 의약외품
21900,[아비노 베이비]더멕사 아토 크림 206g 2개
25900,[일리윤]일리윤 울트라리페어로션 528ml  2개
54500,오늘도맛있는쌀 20kg /백미/2020년산 햅쌀
22600,[CJ고메]고메 치즈함박스테이크 152g x10개 (냉장)
69900,신상공개 지오송지오 21SS 기모 쉐이핑 고탄력 팬츠 4종
39000,[길벗스쿨]길벗스쿨 기적의 유아수학 A/B/C단계 외 선택구매
13900,[롯데푸드]롯데 의성마늘프랑크70gx10개+갈비맛프랑크70gx10개
18900,[퐁퐁]퐁퐁 주방세제 베이킹소다 3000ML 4개
22900,[스팸]스팸 25% 라이트 200g 10개
